{
  "1": {
    "q": 1,
    "degree": 1,
    "coefficients": [
      1.0000069104949056,
      0.001027356255957003
    ]
  },
  "2": {
    "q": 2,
    "degree": 3,
    "coefficients": [
      -2.6609347303015215e-06,
      -0.0009574044576947152,
      0.8473334506633337,
      -2.916307934928921
    ]
  },
  "3": {
    "q": 3,
    "degree": 3,
    "coefficients": [
      9.328841276050767e-07,
      -0.001600486433505829,
      0.8517650169173655,
      -7.670179976579818
    ]
  },
  "4": {
    "q": 4,
    "degree": 3,
    "coefficients": [
      -2.079719398565505e-06,
      -0.0006147952428264467,
      0.7515640114388937,
      -10.051609112553178
    ]
  },
  "5": {
    "q": 5,
    "degree": 3,
    "coefficients": [
      -1.254573357907236e-06,
      -0.000571240152646654,
      0.6874296874205945,
      -10.15080605252922
    ]
  },
  "6": {
    "q": 6,
    "degree": 3,
    "coefficients": [
      -2.0530011340073994e-06,
      -0.00018968062532052015,
      0.6246253734895811,
      -10.547244237648998
    ]
  },
  "7": {
    "q": 7,
    "degree": 3,
    "coefficients": [
      -6.070345974264883e-06,
      0.0006510966908476713,
      0.5725827761409997,
      -9.599277001525552
    ]
  }
}